ProductID,ProductName,Category,SubCategory,Brand,UnitCost,UnitPrice,ModifiedDate
P0001,Apex Furniture Product 1,Home,Furniture,Apex,93.51,162.54,2026-05-23 17:49:15
P0002,Prime Decor Product 2,Home,Decor,Prime,272.63,548.05,2025-05-11 08:23:08
P0003,Fusion Fitness Product 3,Sports,Fitness,Fusion,436.96,893.82,2026-01-09 07:19:06
P0004,Elevate Accessories Product 4,Fashion,Accessories,Elevate,159.14,205.92,2025-09-26 03:06:41
P0005,Nova Skincare Product 5,Beauty,Skincare,Nova,328.79,508.12,2026-04-19 07:36:41
P0006,UrbanX Phones Product 6,Electronics,Phones,UrbanX,470.62,740.32,2025-09-14 09:35:57
P0007,Vertex Laptops Product 7,Electronics,Laptops,Vertex,232.05,289.88,2026-03-30 15:44:06
P0008,Elevate Equipment Product 8,Sports,Equipment,Elevate,101.34,230.61,2025-01-05 18:06:43
P0009,Prime Kids Product 9,Fashion,Kids,Prime,246.29,585.82,2025-09-16 00:58:33
P0010,Nova Phones Product 10,Electronics,Phones,Nova,397.7,978.58,2026-07-05 19:46:10
P0011,Fusion Kitchen Product 11,Home,Kitchen,Fusion,134.41,172.15,2026-09-25 12:20:35
P0012,Vertex Fitness Product 12,Sports,Fitness,Vertex,348.79,516.52,2026-03-07 08:20:08
P0013,Orbit Kids Product 13,Fashion,Kids,Orbit,483.26,898.05,2025-06-22 07:35:56
P0014,Fusion Kids Product 14,Fashion,Kids,Fusion,93.32,159.48,2025-01-14 17:00:23
P0015,Apex Skincare Product 15,Beauty,Skincare,Apex,432.19,945.35,2026-06-08 00:00:44
P0016,Nova Kitchen Product 16,Home,Kitchen,Nova,169.43,239.47,2026-07-05 04:34:25
P0017,Vertex Makeup Product 17,Beauty,Makeup,Vertex,394.06,801.96,2025-06-08 01:58:48
P0018,Orbit Kitchen Product 18,Home,Kitchen,Orbit,39.91,98.97,2026-07-10 02:57:48
P0019,Vertex Women Product 19,Fashion,Women,Vertex,106.51,224.23,2026-04-24 12:41:25
P0020,Elevate Kitchen Product 20,Home,Kitchen,Elevate,138.21,223.95,2025-03-11 18:35:03
P0021,Vertex Men Product 21,Fashion,Men,Vertex,229.9,306.0,2025-06-20 22:38:19
P0022,UrbanX Appliances Product 22,Home,Appliances,UrbanX,169.41,370.67,2025-09-01 09:37:10
P0023,Orbit Women Product 23,Fashion,Women,Orbit,324.21,490.72,2025-11-28 11:38:05
P0024,UrbanX Phones Product 24,Electronics,Phones,UrbanX,470.37,769.18,2026-06-22 16:22:29
P0025,Prime Furniture Product 25,Home,Furniture,Prime,203.0,292.52,2026-06-13 19:06:56
P0026,Nova Men Product 26,Fashion,Men,Nova,178.32,436.18,2026-07-23 15:23:13
P0027,Fusion Phones Product 27,Electronics,Phones,Fusion,47.71,101.21,2026-09-08 21:48:03
P0028,Apex Fragrance Product 28,Beauty,Fragrance,Apex,217.16,415.75,2025-06-10 20:02:11
P0029,Prime Men Product 29,Fashion,Men,Prime,167.51,252.17,2026-07-09 02:51:04
P0030,Orbit Skincare Product 30,Beauty,Skincare,Orbit,315.04,580.61,2025-12-12 16:19:34
P0031,Prime Kids Product 31,Fashion,Kids,Prime,26.25,31.75,2025-06-28 13:11:35
P0032,Elevate Makeup Product 32,Beauty,Makeup,Elevate,368.83,842.55,2026-05-21 21:11:01
P0033,Elevate Laptops Product 33,Electronics,Laptops,Elevate,231.13,272.25,2026-08-07 15:18:55
P0034,Orbit Decor Product 34,Home,Decor,Orbit,164.15,221.32,2026-09-24 04:21:22
P0035,Nova Equipment Product 35,Sports,Equipment,Nova,352.59,665.96,2026-03-11 19:46:00
P0036,Elevate Laptops Product 36,Electronics,Laptops,Elevate,348.81,665.83,2025-05-11 06:24:54
P0037,Vertex Decor Product 37,Home,Decor,Vertex,150.23,303.68,2025-10-20 15:43:02
P0038,Elevate Phones Product 38,Electronics,Phones,Elevate,62.46,130.23,2026-02-07 20:28:57
P0039,Prime Decor Product 39,Home,Decor,Prime,391.65,477.16,2026-01-04 15:44:31
P0040,Orbit Decor Product 40,Home,Decor,Orbit,244.78,432.87,2025-09-06 01:43:34
P0041,Orbit Decor Product 41,Home,Decor,Orbit,70.36,131.88,2025-01-31 19:06:54
P0042,Fusion Laptops Product 42,Electronics,Laptops,Fusion,128.67,259.31,2025-11-11 20:49:43
P0043,Prime Laptops Product 43,Electronics,Laptops,Prime,445.24,592.94,2025-06-07 05:12:00
P0044,Elevate Equipment Product 44,Sports,Equipment,Elevate,231.06,332.72,2026-03-20 17:49:41
P0045,Fusion Appliances Product 45,Home,Appliances,Fusion,175.39,308.09,2026-01-01 11:08:21
P0046,Elevate Makeup Product 46,Beauty,Makeup,Elevate,470.66,1098.37,2026-01-04 00:46:27
P0047,Orbit Kids Product 47,Fashion,Kids,Orbit,264.95,539.99,2025-11-14 16:30:07
P0048,Nova Kitchen Product 48,Home,Kitchen,Nova,31.61,51.01,2025-09-25 12:41:16
P0049,UrbanX Outdoor Product 49,Sports,Outdoor,UrbanX,146.43,291.29,2025-12-24 04:37:16
P0050,Prime Fragrance Product 50,,Fragrance,Prime,230.29,353.95,2025-05-02 22:44:19
P0051,Elevate Fitness Product 51,Sports,Fitness,Elevate,334.85,559.4,2025-07-20 15:02:27
P0052,Apex Fragrance Product 52,Beauty,Fragrance,Apex,427.11,792.49,2026-08-28 12:41:07
P0053,Elevate Appliances Product 53,Home,Appliances,Elevate,329.2,533.35,2026-08-01 08:10:11
P0054,UrbanX Skincare Product 54,Beauty,Skincare,UrbanX,126.84,305.29,2025-06-05 09:04:39
P0055,Orbit Makeup Product 55,Beauty,Makeup,Orbit,360.81,454.38,2025-01-06 03:45:44
P0056,Orbit Accessories Product 56,Fashion,Accessories,Orbit,150.78,339.89,2026-01-24 01:53:16
P0057,Elevate Skincare Product 57,Beauty,Skincare,Elevate,303.79,529.19,2025-09-22 07:43:26
P0058,Orbit Fragrance Product 58,Beauty,Fragrance,Orbit,130.18,255.94,2025-11-10 15:24:44
P0059,Fusion Haircare Product 59,Beauty,Haircare,Fusion,45.34,90.82,2025-04-03 22:59:33
P0060,Fusion Accessories Product 60,Fashion,Accessories,Fusion,157.03,334.74,2026-06-21 21:03:34
P0061,Apex Outdoor Product 61,Sports,Outdoor,Apex,395.76,676.45,2025-11-22 05:46:04
P0062,Nova Men Product 62,Fashion,Men,Nova,430.47,607.62,2025-03-08 04:26:01
P0063,Orbit Footwear Product 63,Sports,Footwear,Orbit,153.1,204.99,2026-06-29 09:59:21
P0064,Orbit Fragrance Product 64,Beauty,Fragrance,Orbit,214.61,339.8,2026-08-02 03:40:10
P0065,UrbanX Men Product 65,Fashion,Men,UrbanX,22.2,41.07,2026-04-07 06:06:50
P0066,Elevate Haircare Product 66,Beauty,Haircare,Elevate,292.85,458.17,2025-06-25 23:15:48
P0067,Vertex Footwear Product 67,Sports,Footwear,Vertex,104.9,235.47,2026-06-13 01:47:11
P0068,Elevate Footwear Product 68,,Footwear,Elevate,419.16,525.92,2025-04-15 12:11:51
P0069,UrbanX Kids Product 69,Fashion,Kids,UrbanX,169.81,403.98,2025-10-17 19:08:32
P0070,Vertex Women Product 70,Fashion,Women,Vertex,250.43,306.49,2025-07-30 03:29:16
P0071,Apex Phones Product 71,Electronics,Phones,Apex,27.01,44.93,2026-05-12 12:14:53
P0072,UrbanX Footwear Product 72,Sports,Footwear,UrbanX,107.78,222.85,2025-01-03 05:41:56
P0073,UrbanX Women Product 73,Fashion,Women,UrbanX,363.66,613.64,2025-03-17 22:25:40
P0074,Nova Appliances Product 74,Home,Appliances,Nova,406.71,649.33,2025-04-07 11:46:46
P0075,UrbanX Accessories Product 75,Electronics,Accessories,UrbanX,473.82,1091.46,2025-04-08 15:08:41
P0076,Elevate Appliances Product 76,Home,Appliances,Elevate,26.56,56.73,2025-11-16 17:23:10
P0077,Vertex Men Product 77,Fashion,Men,Vertex,411.86,1025.03,2025-12-08 09:41:30
P0078,Prime Furniture Product 78,Home,Furniture,Prime,22.59,35.72,2026-01-04 07:02:48
P0079,Apex Men Product 79,Fashion,Men,Apex,496.74,982.2,2025-01-05 08:23:41
P0080,Orbit Haircare Product 80,Beauty,Haircare,Orbit,185.08,371.39,2025-07-21 08:03:32
P0081,Elevate Men Product 81,Fashion,Men,Elevate,212.32,471.96,2025-08-19 07:21:23
P0082,UrbanX Equipment Product 82,Sports,Equipment,UrbanX,257.01,500.29,2025-03-06 16:49:09
P0083,UrbanX Fragrance Product 83,Beauty,Fragrance,UrbanX,308.2,678.1,2025-11-01 16:50:24
P0084,Nova Skincare Product 84,Beauty,Skincare,Nova,437.74,926.86,2026-05-16 22:13:52
P0085,Orbit Kitchen Product 85,Home,Kitchen,Orbit,313.76,671.89,2025-05-09 12:40:24
P0086,Nova Accessories Product 86,Electronics,Accessories,Nova,155.47,274.49,2026-01-15 00:06:29
P0087,Elevate Fitness Product 87,Sports,Fitness,Elevate,209.13,477.31,2025-12-22 10:33:38
P0088,Fusion Skincare Product 88,Beauty,Skincare,Fusion,164.92,397.45,2026-08-28 15:55:50
P0089,UrbanX Furniture Product 89,Home,Furniture,UrbanX,88.77,123.86,2025-09-16 07:01:03
P0090,Apex Women Product 90,Fashion,Women,Apex,289.21,671.25,2026-03-16 18:30:53
P0091,Fusion Phones Product 91,Electronics,Phones,Fusion,380.61,612.34,2025-03-22 21:51:51
P0092,Vertex Accessories Product 92,Electronics,Accessories,Vertex,417.51,1030.2,2025-06-07 17:25:06
P0093,UrbanX Furniture Product 93,Home,Furniture,UrbanX,83.07,141.64,2025-05-04 08:00:45
P0094,Elevate Decor Product 94,Home,Decor,Elevate,152.48,205.33,2026-09-01 04:10:18
P0095,Vertex Kitchen Product 95,Home,Kitchen,Vertex,119.56,158.72,2025-02-27 00:01:06
P0096,Orbit Furniture Product 96,Home,Furniture,Orbit,265.58,521.83,2026-07-12 21:43:10
P0097,Elevate Outdoor Product 97,Sports,Outdoor,Elevate,35.38,68.68,2026-05-16 18:06:45
P0098,UrbanX Decor Product 98,Home,Decor,UrbanX,380.67,748.25,2026-01-25 03:40:31
P0099,Prime Women Product 99,Fashion,Women,Prime,447.66,935.63,2025-10-09 13:47:31
P0100,Nova Kids Product 100,Fashion,Kids,Nova,450.31,844.53,2026-09-03 14:29:37
P0101,Fusion Outdoor Product 101,Sports,Outdoor,Fusion,39.21,59.65,2026-07-20 06:00:41
P0102,Nova Men Product 102,Fashion,Men,Nova,199.1,469.83,2025-09-01 12:03:08
P0103,Apex Women Product 103,Fashion,Women,Apex,362.05,579.78,2026-04-27 23:10:26
P0104,UrbanX Audio Product 104,Electronics,Audio,UrbanX,217.51,422.71,2025-10-26 10:51:38
P0105,Orbit Makeup Product 105,Beauty,Makeup,Orbit,433.15,612.43,2025-07-06 22:19:12
P0106,Apex Haircare Product 106,Beauty,Haircare,Apex,143.28,196.92,2025-06-13 05:11:10
P0107,UrbanX Haircare Product 107,Beauty,Haircare,UrbanX,263.41,582.56,2025-07-21 16:59:20
P0108,UrbanX Furniture Product 108,Home,Furniture,UrbanX,172.24,429.3,2026-01-30 04:31:43
P0109,Nova Accessories Product 109,Electronics,Accessories,Nova,439.34,912.97,2025-10-12 09:04:10
P0110,Vertex Footwear Product 110,Sports,Footwear,Vertex,96.83,240.42,2025-09-15 11:24:28
P0111,UrbanX Phones Product 111,Electronics,Phones,UrbanX,453.0,947.41,2025-12-23 01:17:26
P0112,UrbanX Furniture Product 112,Home,Furniture,UrbanX,323.15,571.9,2025-04-26 11:59:12
P0113,UrbanX Outdoor Product 113,Sports,Outdoor,UrbanX,359.26,629.84,2026-08-20 11:50:39
P0114,Elevate Laptops Product 114,Electronics,Laptops,Elevate,124.94,149.12,2025-10-02 10:35:30
P0115,Nova Footwear Product 115,Sports,Footwear,Nova,256.84,192.63,2025-12-20 15:08:14
P0116,Nova Furniture Product 116,Home,Furniture,Nova,7.81,9.03,2026-03-08 02:35:27
P0117,Prime Fragrance Product 117,Beauty,Fragrance,Prime,199.94,353.12,2026-04-23 23:40:48
P0118,Apex Outdoor Product 118,Sports,Outdoor,Apex,138.09,205.34,2026-01-11 20:24:55
P0119,Fusion Fitness Product 119,Sports,Fitness,Fusion,287.83,589.24,2025-05-23 14:54:55
P0120,Elevate Phones Product 120,Electronics,Phones,Elevate,410.29,847.09,2026-01-13 20:42:45
P0121,Apex Fitness Product 121,Sports,Fitness,Apex,374.27,461.79,2026-01-12 11:47:26
P0122,Apex Decor Product 122,Home,Decor,Apex,75.7,154.47,2026-04-02 13:57:41
P0123,Prime Skincare Product 123,Beauty,Skincare,Prime,475.08,1020.29,2026-08-06 12:19:30
P0124,UrbanX Phones Product 124,Electronics,Phones,UrbanX,215.03,161.27,2025-10-23 10:48:12
P0125,Fusion Kitchen Product 125,Home,Kitchen,Fusion,163.48,375.67,2025-08-19 04:26:40
P0126,UrbanX Accessories Product 126,Electronics,Accessories,UrbanX,152.69,187.68,2025-08-01 15:04:22
P0127,UrbanX Decor Product 127,Home,Decor,UrbanX,398.47,481.38,2025-03-08 10:43:53
P0128,Nova Women Product 128,Fashion,Women,Nova,311.45,733.74,2026-01-09 07:46:04
P0129,Elevate Furniture Product 129,Home,Furniture,Elevate,85.9,198.5,2026-02-16 08:37:28
P0130,Orbit Equipment Product 130,Sports,Equipment,Orbit,35.56,61.94,2026-01-26 09:18:10
P0131,UrbanX Makeup Product 131,Beauty,Makeup,UrbanX,23.32,57.75,2025-01-31 14:33:05
P0132,Nova Laptops Product 132,Electronics,Laptops,Nova,59.02,91.32,2025-10-24 16:49:00
P0133,Prime Equipment Product 133,Sports,Equipment,Prime,471.51,608.94,2026-06-06 15:19:45
P0134,Nova Skincare Product 134,Beauty,Skincare,Nova,143.34,277.88,2025-02-25 21:49:46
P0135,Vertex Audio Product 135,Electronics,Audio,Vertex,350.82,729.15,2025-10-28 18:11:01
P0136,Nova Outdoor Product 136,Sports,Outdoor,Nova,357.91,611.75,2025-02-27 08:05:08
P0137,Orbit Laptops Product 137,Electronics,Laptops,Orbit,24.85,57.01,2025-07-31 02:01:51
P0138,Nova Footwear Product 138,Sports,Footwear,Nova,112.43,184.61,2026-06-19 16:29:35
P0139,Fusion Fitness Product 139,Sports,Fitness,Fusion,210.55,461.22,2026-04-01 11:41:07
P0140,Prime Fitness Product 140,Sports,Fitness,Prime,263.58,426.08,2025-03-15 10:25:01
P0141,Apex Fragrance Product 141,Beauty,Fragrance,Apex,136.59,181.34,2026-04-14 15:03:43
P0142,Elevate Kitchen Product 142,,Kitchen,Elevate,390.33,733.37,2025-04-28 03:21:07
P0143,Fusion Laptops Product 143,Electronics,Laptops,Fusion,91.21,194.15,2025-04-09 08:13:48
P0144,Prime Outdoor Product 144,Sports,Outdoor,Prime,60.37,101.45,2026-03-08 10:00:40
P0145,Vertex Equipment Product 145,Sports,Equipment,Vertex,473.79,767.29,2025-05-05 22:02:31
P0146,Apex Appliances Product 146,Home,Appliances,Apex,97.51,113.04,2025-05-29 10:46:02
P0147,Elevate Fragrance Product 147,Beauty,Fragrance,Elevate,407.77,880.49,2025-11-04 00:35:33
P0148,Fusion Men Product 148,Fashion,Men,Fusion,338.76,448.26,2025-08-24 07:26:02
P0149,UrbanX Laptops Product 149,Electronics,Laptops,UrbanX,392.16,892.07,2026-08-28 03:49:45
P0150,Nova Fitness Product 150,Sports,Fitness,Nova,406.61,803.08,2026-06-02 03:10:53
P0151,Apex Makeup Product 151,Beauty,Makeup,Apex,497.0,965.55,2025-07-09 16:33:28
P0152,Elevate Fitness Product 152,Sports,Fitness,Elevate,356.44,825.45,2025-09-21 19:09:51
P0153,UrbanX Footwear Product 153,Sports,Footwear,UrbanX,152.44,243.38,2025-02-15 04:25:27
P0154,Orbit Outdoor Product 154,Sports,Outdoor,Orbit,125.21,302.35,2026-03-20 20:38:54
P0155,Prime Accessories Product 155,Fashion,Accessories,Prime,276.61,646.24,2025-02-08 10:04:49
P0156,Orbit Furniture Product 156,Home,Furniture,Orbit,78.46,118.94,2025-01-20 23:27:31
P0157,UrbanX Accessories Product 157,Fashion,Accessories,UrbanX,333.29,588.24,2026-06-04 02:00:31
P0158,Prime Phones Product 158,Electronics,Phones,Prime,480.52,879.1,2025-08-17 20:22:05
P0159,Apex Furniture Product 159,Home,Furniture,Apex,496.72,875.94,2025-07-02 01:35:11
P0160,Fusion Appliances Product 160,Home,Appliances,Fusion,46.53,98.14,2025-06-17 00:05:28
P0161,Apex Decor Product 161,Home,Decor,Apex,341.21,255.91,2026-02-15 01:56:43
P0162,Fusion Makeup Product 162,Beauty,Makeup,Fusion,389.06,960.86,2025-01-21 17:17:00
P0163,Vertex Kitchen Product 163,Home,Kitchen,Vertex,330.85,680.45,2026-05-04 12:57:30
P0164,Nova Appliances Product 164,Home,Appliances,Nova,388.39,665.51,2025-07-31 06:52:37
P0165,Nova Fragrance Product 165,Beauty,Fragrance,Nova,198.61,416.68,2026-05-21 13:00:50
P0166,Nova Footwear Product 166,Sports,Footwear,Nova,265.43,314.74,2025-02-07 10:53:58
P0167,UrbanX Laptops Product 167,Electronics,Laptops,UrbanX,26.31,52.48,2025-07-11 11:03:44
P0168,Elevate Skincare Product 168,Beauty,Skincare,Elevate,491.85,1205.3,2026-03-18 09:19:51
P0169,Apex Accessories Product 169,,Accessories,Apex,422.89,635.47,2026-03-04 02:25:03
P0170,Vertex Fitness Product 170,Sports,Fitness,Vertex,300.13,649.68,2026-08-22 19:02:28
P0171,Apex Men Product 171,Fashion,Men,Apex,382.35,700.24,2025-11-14 19:56:34
P0172,Orbit Appliances Product 172,Home,Appliances,Orbit,263.33,519.65,2025-08-31 04:53:05
P0173,Prime Accessories Product 173,Fashion,Accessories,Prime,283.93,692.83,2025-04-06 03:49:30
P0174,Elevate Accessories Product 174,Fashion,Accessories,Elevate,188.82,464.16,2025-02-11 08:12:52
P0175,UrbanX Kids Product 175,Fashion,Kids,UrbanX,370.22,478.34,2026-04-02 11:41:42
P0176,Elevate Furniture Product 176,Home,Furniture,Elevate,30.96,58.11,2026-07-27 12:02:58
P0177,UrbanX Kitchen Product 177,Home,Kitchen,UrbanX,215.13,331.95,2026-03-16 14:54:23
P0178,Elevate Accessories Product 178,Fashion,Accessories,Elevate,427.45,937.07,2025-11-29 02:56:20
P0179,Orbit Decor Product 179,Home,Decor,Orbit,145.81,285.48,2025-05-20 15:00:33
P0180,Nova Phones Product 180,Electronics,Phones,Nova,231.81,280.59,2025-01-27 06:31:34
P0181,Apex Laptops Product 181,Electronics,Laptops,Apex,6.51,13.06,2025-01-06 16:09:54
P0182,Apex Decor Product 182,Home,Decor,Apex,407.31,691.11,2026-09-04 21:39:01
P0183,Elevate Makeup Product 183,Beauty,Makeup,Elevate,247.09,457.7,2025-12-29 03:56:25
P0184,Nova Men Product 184,Fashion,Men,Nova,251.85,424.35,2025-11-16 08:57:38
P0185,UrbanX Accessories Product 185,Electronics,Accessories,UrbanX,393.12,605.43,2026-02-13 22:04:27
P0186,Vertex Furniture Product 186,Home,Furniture,Vertex,492.67,1025.37,2026-03-31 04:27:06
P0187,Prime Accessories Product 187,Electronics,Accessories,Prime,391.36,868.3,2025-02-08 05:46:24
P0188,Prime Phones Product 188,Electronics,Phones,Prime,426.46,727.78,2025-12-06 18:09:57
P0189,Fusion Accessories Product 189,Electronics,Accessories,Fusion,272.76,611.31,2025-09-14 19:36:57
P0190,Orbit Furniture Product 190,,Furniture,Orbit,489.72,796.08,2026-09-14 02:34:02
P0191,Prime Furniture Product 191,Home,Furniture,Prime,280.45,477.98,2025-11-08 09:16:14
P0192,UrbanX Appliances Product 192,Home,Appliances,UrbanX,191.98,387.71,2025-02-07 19:54:03
P0193,Orbit Fragrance Product 193,Beauty,Fragrance,Orbit,173.03,380.7,2026-04-25 19:19:28
P0194,Apex Women Product 194,Fashion,Women,Apex,266.67,385.09,2025-09-19 05:45:36
P0195,Vertex Laptops Product 195,Electronics,Laptops,Vertex,146.33,285.55,2026-05-14 17:59:50
P0196,UrbanX Outdoor Product 196,Sports,Outdoor,UrbanX,151.22,321.8,2025-03-22 10:04:50
P0197,Fusion Kitchen Product 197,Home,Kitchen,Fusion,248.51,532.42,2026-06-20 19:26:02
P0198,Fusion Laptops Product 198,Electronics,Laptops,Fusion,472.99,816.72,2025-11-21 16:56:39
P0199,Prime Women Product 199,Fashion,Women,Prime,69.07,113.89,2026-03-08 11:35:08
P0200,Elevate Haircare Product 200,Beauty,Haircare,Elevate,129.02,259.61,2025-02-12 20:42:19
P0201,Nova Footwear Product 201,Sports,Footwear,Nova,346.26,810.15,2026-07-18 12:12:33
P0202,Fusion Decor Product 202,Home,Decor,Fusion,490.14,1218.81,2026-09-10 00:33:07
P0203,Fusion Footwear Product 203,Sports,Footwear,Fusion,498.23,665.41,2026-02-19 10:14:11
P0204,Apex Haircare Product 204,Beauty,Haircare,Apex,175.55,423.6,2025-01-23 15:01:29
P0205,Nova Skincare Product 205,Beauty,Skincare,Nova,398.98,838.81,2026-05-24 16:27:01
P0206,Nova Accessories Product 206,Electronics,Accessories,Nova,260.23,568.07,2025-08-20 07:59:17
P0207,Vertex Fitness Product 207,Sports,Fitness,Vertex,305.06,412.17,2025-09-15 11:17:48
P0208,UrbanX Phones Product 208,Electronics,Phones,UrbanX,390.48,744.29,2025-04-21 09:41:31
P0209,Elevate Outdoor Product 209,Sports,Outdoor,Elevate,16.7,37.3,2025-11-12 07:33:54
P0210,UrbanX Kitchen Product 210,Home,Kitchen,UrbanX,299.44,678.29,2025-03-02 20:45:51
P0211,Fusion Audio Product 211,Electronics,Audio,Fusion,226.38,525.35,2025-12-09 00:02:49
P0212,Elevate Outdoor Product 212,Sports,Outdoor,Elevate,244.66,581.2,2026-01-28 22:03:41
P0213,Orbit Appliances Product 213,Home,Appliances,Orbit,108.44,270.72,2025-03-11 08:11:16
P0214,Apex Kids Product 214,Fashion,Kids,Apex,497.57,1085.72,2025-04-06 13:47:14
P0215,Fusion Decor Product 215,Home,Decor,Fusion,210.79,260.73,2025-10-09 16:56:49
P0216,UrbanX Decor Product 216,Home,Decor,UrbanX,211.2,398.46,2025-03-18 14:33:10
P0217,Orbit Kids Product 217,Fashion,Kids,Orbit,239.67,295.09,2026-02-01 02:16:55
P0218,Apex Men Product 218,Fashion,Men,Apex,248.84,371.8,2025-03-30 19:24:19
P0219,Nova Laptops Product 219,Electronics,Laptops,Nova,413.48,803.82,2025-12-02 13:43:32
P0220,Fusion Decor Product 220,Home,Decor,Fusion,415.35,727.8,2025-09-13 20:51:35
P0221,Orbit Accessories Product 221,Fashion,Accessories,Orbit,194.3,291.83,2025-05-18 07:19:30
P0222,Elevate Accessories Product 222,Electronics,Accessories,Elevate,61.67,87.01,2025-10-07 21:56:00
P0223,Fusion Furniture Product 223,Home,Furniture,Fusion,410.13,913.28,2026-03-18 10:11:36
P0224,Orbit Appliances Product 224,Home,Appliances,Orbit,184.16,256.22,2026-01-14 08:21:43
P0225,UrbanX Fitness Product 225,Sports,Fitness,UrbanX,390.65,757.31,2026-06-07 18:15:38
P0226,Elevate Kids Product 226,Fashion,Kids,Elevate,167.97,283.71,2025-11-02 20:10:11
P0227,Orbit Accessories Product 227,Electronics,Accessories,Orbit,21.65,32.41,2025-09-24 15:55:25
P0228,Nova Outdoor Product 228,Sports,Outdoor,Nova,38.69,73.86,2026-04-25 12:49:44
P0229,Orbit Haircare Product 229,Beauty,Haircare,Orbit,35.91,82.87,2026-06-08 17:21:57
P0230,Apex Appliances Product 230,Home,Appliances,Apex,426.39,693.65,2026-06-15 07:17:41
P0231,Nova Outdoor Product 231,Sports,Outdoor,Nova,70.07,135.73,2026-04-23 22:15:35
P0232,Prime Footwear Product 232,Sports,Footwear,Prime,437.06,606.9,2025-10-15 01:09:39
P0233,Prime Fitness Product 233,Sports,Fitness,Prime,350.95,647.86,2026-01-30 22:46:56
P0234,Orbit Skincare Product 234,Beauty,Skincare,Orbit,203.28,477.57,2025-09-19 21:11:31
P0235,Orbit Decor Product 235,Home,Decor,Orbit,403.58,520.56,2025-12-26 14:35:29
P0236,Apex Appliances Product 236,Home,Appliances,Apex,173.98,295.58,2026-02-18 05:04:47
P0237,Fusion Women Product 237,Fashion,Women,Fusion,466.54,1068.57,2025-08-29 23:33:46
P0238,Apex Women Product 238,Fashion,Women,Apex,149.42,312.77,2025-08-09 02:36:44
P0239,Fusion Audio Product 239,Electronics,Audio,Fusion,210.62,462.51,2025-05-04 13:10:19
P0240,Orbit Accessories Product 240,Fashion,Accessories,Orbit,440.55,740.54,2025-03-19 16:08:11
P0241,Vertex Equipment Product 241,Sports,Equipment,Vertex,67.35,122.37,2026-07-20 13:28:02
P0242,Fusion Men Product 242,Fashion,Men,Fusion,421.84,537.51,2025-10-02 16:42:36
P0243,Vertex Equipment Product 243,Sports,Equipment,Vertex,170.32,319.29,2025-06-26 06:20:09
P0244,Nova Skincare Product 244,Beauty,Skincare,Nova,393.65,553.19,2025-03-13 07:49:28
P0245,Elevate Decor Product 245,Home,Decor,Elevate,138.35,345.06,2026-05-05 03:04:22
P0246,Vertex Outdoor Product 246,Sports,Outdoor,Vertex,474.57,902.85,2026-08-03 10:05:28
P0247,Orbit Laptops Product 247,Electronics,Laptops,Orbit,412.3,716.15,2026-04-29 20:27:42
P0248,Apex Haircare Product 248,Beauty,Haircare,Apex,108.72,241.47,2026-02-05 09:20:15
P0249,UrbanX Haircare Product 249,Beauty,Haircare,UrbanX,203.12,314.75,2025-12-24 10:00:54
P0250,UrbanX Decor Product 250,Home,Decor,UrbanX,125.32,299.47,2025-06-29 23:05:02
P0251,Elevate Phones Product 251,Electronics,Phones,Elevate,474.23,992.3,2026-04-07 10:49:54
P0252,Prime Skincare Product 252,Beauty,Skincare,Prime,291.77,598.86,2026-01-02 18:48:54
P0253,Nova Accessories Product 253,Fashion,Accessories,Nova,120.07,252.01,2026-05-07 00:23:27
P0254,Elevate Haircare Product 254,Beauty,Haircare,Elevate,278.17,389.97,2025-03-10 08:51:59
P0255,Prime Decor Product 255,Home,Decor,Prime,188.59,421.73,2025-07-17 12:55:30
P0256,Fusion Haircare Product 256,Beauty,Haircare,Fusion,252.77,370.97,2025-11-04 21:19:46
P0257,Nova Fitness Product 257,Sports,Fitness,Nova,332.54,800.31,2025-07-18 04:50:26
P0258,Vertex Women Product 258,Fashion,Women,Vertex,318.71,528.73,2025-01-24 08:08:55
P0259,Vertex Fragrance Product 259,Beauty,Fragrance,Vertex,309.92,717.81,2025-03-20 02:39:53
P0260,Orbit Decor Product 260,Home,Decor,Orbit,135.01,193.99,2025-12-16 01:27:38
P0261,Nova Women Product 261,Fashion,Women,Nova,290.05,622.48,2026-05-30 15:08:55
P0262,Vertex Laptops Product 262,Electronics,Laptops,Vertex,465.87,671.3,2025-06-04 23:37:39
P0263,Nova Haircare Product 263,Beauty,Haircare,Nova,56.9,133.71,2026-01-12 19:22:19
P0264,Apex Accessories Product 264,Fashion,Accessories,Apex,220.12,546.62,2025-03-04 23:40:24
P0265,UrbanX Skincare Product 265,Beauty,Skincare,UrbanX,23.87,50.89,2025-02-01 00:55:20
P0266,Nova Equipment Product 266,Sports,Equipment,Nova,44.23,92.71,2025-07-25 03:52:55
P0267,UrbanX Outdoor Product 267,Sports,Outdoor,UrbanX,211.06,503.64,2026-05-21 08:12:11
P0268,Apex Laptops Product 268,Electronics,Laptops,Apex,455.46,735.31,2026-08-12 10:39:40
P0269,Apex Haircare Product 269,Beauty,Haircare,Apex,380.5,681.04,2025-04-21 19:24:53
P0270,Apex Skincare Product 270,Beauty,Skincare,Apex,121.3,187.44,2026-05-17 20:26:20
P0271,Nova Haircare Product 271,Beauty,Haircare,Nova,454.84,1030.68,2026-08-11 09:34:40
P0272,Nova Appliances Product 272,Home,Appliances,Nova,451.02,1121.51,2025-03-18 13:52:33
P0273,Apex Laptops Product 273,Electronics,Laptops,Apex,173.46,429.47,2025-08-10 23:26:01
P0274,Prime Makeup Product 274,Beauty,Makeup,Prime,109.05,169.48,2025-07-20 20:17:57
P0275,UrbanX Makeup Product 275,Beauty,Makeup,UrbanX,67.42,77.8,2026-08-21 13:02:07
P0276,Elevate Outdoor Product 276,Sports,Outdoor,Elevate,104.72,209.59,2025-01-30 11:14:11
P0277,Vertex Equipment Product 277,Sports,Equipment,Vertex,463.9,957.57,2026-07-29 17:47:54
P0278,Prime Skincare Product 278,Beauty,Skincare,Prime,497.2,904.34,2025-09-29 13:17:35
P0279,Elevate Footwear Product 279,Sports,Footwear,Elevate,490.88,628.97,2026-02-19 18:46:13
P0280,Nova Decor Product 280,Home,Decor,Nova,422.48,316.86,2026-04-07 21:50:18
P0281,UrbanX Laptops Product 281,Electronics,Laptops,UrbanX,187.95,359.96,2025-01-02 07:32:41
P0282,Fusion Skincare Product 282,Beauty,Skincare,Fusion,408.09,689.88,2026-03-28 21:01:39
P0283,Apex Outdoor Product 283,Sports,Outdoor,Apex,491.23,1170.96,2025-12-07 21:32:54
P0284,Prime Men Product 284,Fashion,Men,Prime,349.04,490.52,2025-09-24 04:37:00
P0285,Elevate Phones Product 285,Electronics,Phones,Elevate,387.96,858.72,2025-11-29 15:32:50
P0286,UrbanX Kitchen Product 286,Home,Kitchen,UrbanX,241.74,347.96,2026-04-28 06:48:05
P0287,Elevate Kitchen Product 287,Home,Kitchen,Elevate,483.75,362.81,2026-02-24 18:41:44
P0288,UrbanX Footwear Product 288,Sports,Footwear,UrbanX,347.49,613.96,2026-06-17 14:35:04
P0289,Nova Decor Product 289,Home,Decor,Nova,362.79,588.17,2025-05-01 08:00:20
P0290,Apex Laptops Product 290,Electronics,Laptops,Apex,125.16,286.63,2026-01-31 02:31:56
P0291,Nova Laptops Product 291,Electronics,Laptops,Nova,484.33,893.52,2026-01-02 09:46:42
P0292,UrbanX Phones Product 292,Electronics,Phones,UrbanX,334.39,613.12,2025-04-17 00:55:46
P0293,Elevate Fragrance Product 293,Beauty,Fragrance,Elevate,86.88,138.25,2025-09-12 22:36:24
P0294,Elevate Decor Product 294,Home,Decor,Elevate,218.52,331.41,2025-04-14 04:42:45
P0295,Nova Makeup Product 295,Beauty,Makeup,Nova,36.02,82.29,2026-09-19 06:42:08
P0296,Vertex Accessories Product 296,Electronics,Accessories,Vertex,296.46,384.1,2026-03-18 03:07:06
P0297,Vertex Outdoor Product 297,Sports,Outdoor,Vertex,129.0,270.85,2026-09-06 12:47:21
P0298,Apex Appliances Product 298,Home,Appliances,Apex,70.2,117.5,2026-02-27 22:36:19
P0299,Nova Skincare Product 299,Beauty,Skincare,Nova,5.91,7.31,2025-08-01 07:44:01
P0300,Orbit Audio Product 300,Electronics,Audio,Orbit,291.95,486.12,2026-01-13 20:24:41
P0301,Vertex Women Product 301,Fashion,Women,Vertex,114.59,244.24,2025-07-16 12:32:19
P0302,UrbanX Accessories Product 302,Electronics,Accessories,UrbanX,157.1,264.03,2025-06-23 05:51:32
P0303,Prime Audio Product 303,Electronics,Audio,Prime,332.92,671.92,2025-11-18 06:32:43
P0304,Elevate Skincare Product 304,Beauty,Skincare,Elevate,366.41,603.02,2026-09-22 23:17:10
P0305,Fusion Skincare Product 305,Beauty,Skincare,Fusion,273.98,462.01,2025-12-06 14:31:11
P0306,Orbit Laptops Product 306,,Laptops,Orbit,96.59,148.46,2025-05-06 01:53:23
P0307,Elevate Skincare Product 307,Beauty,Skincare,Elevate,371.87,278.9,2026-08-10 16:47:53
P0308,Elevate Accessories Product 308,Electronics,Accessories,Elevate,171.4,324.79,2026-08-31 11:45:50
P0309,Fusion Outdoor Product 309,Sports,Outdoor,Fusion,131.71,262.94,2025-05-24 04:06:30
P0310,Prime Furniture Product 310,Home,Furniture,Prime,75.07,165.06,2026-05-07 20:42:10
P0311,Vertex Skincare Product 311,Beauty,Skincare,Vertex,16.13,21.92,2025-03-19 20:59:29
P0312,Elevate Appliances Product 312,Home,Appliances,Elevate,388.59,789.84,2025-09-07 23:16:09
P0313,Elevate Accessories Product 313,Electronics,Accessories,Elevate,421.3,777.8,2025-04-24 07:06:18
P0314,Vertex Equipment Product 314,Sports,Equipment,Vertex,362.22,527.62,2025-08-12 01:56:08
P0315,UrbanX Fitness Product 315,Sports,Fitness,UrbanX,12.75,16.65,2025-08-04 02:18:27
P0316,Vertex Footwear Product 316,Sports,Footwear,Vertex,46.41,68.93,2026-05-05 16:43:55
P0317,Elevate Accessories Product 317,Electronics,Accessories,Elevate,333.58,661.55,2025-05-17 15:30:01
P0318,Nova Appliances Product 318,Home,Appliances,Nova,371.54,709.84,2026-02-14 19:59:41
P0319,Vertex Accessories Product 319,Fashion,Accessories,Vertex,179.01,368.22,2026-03-23 20:49:19
P0320,UrbanX Laptops Product 320,Electronics,Laptops,UrbanX,177.09,407.83,2026-03-21 09:39:39
P0321,Vertex Accessories Product 321,Fashion,Accessories,Vertex,351.79,740.11,2025-07-14 06:36:26
P0322,Nova Skincare Product 322,Beauty,Skincare,Nova,224.23,533.55,2026-09-23 09:31:20
P0323,Vertex Accessories Product 323,Electronics,Accessories,Vertex,68.43,87.48,2025-05-28 15:52:51
P0324,Vertex Accessories Product 324,Electronics,Accessories,Vertex,68.65,143.79,2026-08-07 23:14:15
P0325,Apex Furniture Product 325,Home,Furniture,Apex,405.06,592.85,2025-04-25 13:57:04
P0326,Orbit Accessories Product 326,Fashion,Accessories,Orbit,157.16,245.95,2026-02-28 18:31:02
P0327,Apex Men Product 327,Fashion,Men,Apex,303.8,565.53,2026-08-17 10:57:04
P0328,Elevate Laptops Product 328,Electronics,Laptops,Elevate,249.57,591.11,2025-05-12 07:37:03
P0329,Apex Appliances Product 329,Home,Appliances,Apex,164.37,270.89,2026-06-13 12:00:11
P0330,Vertex Kids Product 330,Fashion,Kids,Vertex,109.07,253.54,2025-11-06 10:51:32
P0331,Fusion Fragrance Product 331,Beauty,Fragrance,Fusion,371.68,854.27,2026-04-02 02:51:17
P0332,Elevate Accessories Product 332,Fashion,Accessories,Elevate,432.84,801.13,2025-01-24 11:41:44
P0333,Apex Men Product 333,Fashion,Men,Apex,445.04,1003.94,2026-05-25 16:16:40
P0334,Nova Footwear Product 334,Sports,Footwear,Nova,34.92,74.73,2025-09-24 16:38:16
P0335,Prime Decor Product 335,Home,Decor,Prime,468.91,818.77,2025-07-29 12:24:27
P0336,Prime Accessories Product 336,Electronics,Accessories,Prime,271.67,458.11,2026-04-15 03:07:34
P0337,Fusion Skincare Product 337,Beauty,Skincare,Fusion,38.59,53.17,2026-05-17 22:28:41
P0338,Orbit Decor Product 338,Home,Decor,Orbit,234.51,455.88,2026-03-25 16:47:18
P0339,Orbit Outdoor Product 339,Sports,Outdoor,Orbit,448.51,934.55,2025-09-06 20:40:40
P0340,Elevate Laptops Product 340,Electronics,Laptops,Elevate,210.62,335.22,2025-10-19 03:52:13
P0341,Elevate Footwear Product 341,Sports,Footwear,Elevate,175.04,304.84,2026-04-13 20:51:01
P0342,Orbit Men Product 342,Fashion,Men,Orbit,447.25,901.93,2025-11-13 20:40:23
P0343,Nova Outdoor Product 343,Sports,Outdoor,Nova,495.55,617.54,2025-07-20 03:49:59
P0344,Vertex Fitness Product 344,,Fitness,Vertex,238.02,582.69,2026-08-25 05:06:40
P0345,Fusion Decor Product 345,,Decor,Fusion,226.66,299.57,2025-02-23 11:23:21
P0346,Apex Decor Product 346,Home,Decor,Apex,251.54,387.31,2026-06-29 11:27:20
P0347,Prime Appliances Product 347,Home,Appliances,Prime,456.7,993.35,2025-10-04 06:28:19
P0348,Vertex Furniture Product 348,Home,Furniture,Vertex,16.72,22.1,2025-10-09 02:00:26
P0349,Nova Equipment Product 349,Sports,Equipment,Nova,231.52,383.76,2025-06-10 22:03:53
P0350,Orbit Accessories Product 350,Electronics,Accessories,Orbit,212.59,423.25,2026-04-08 07:28:10
P0351,Nova Fitness Product 351,Sports,Fitness,Nova,288.92,718.91,2025-05-01 23:36:21
P0352,Vertex Women Product 352,Fashion,Women,Vertex,34.31,73.38,2026-03-09 23:22:02
P0353,Apex Accessories Product 353,Fashion,Accessories,Apex,338.15,739.49,2025-12-10 17:33:16
P0354,Vertex Footwear Product 354,Sports,Footwear,Vertex,112.62,167.53,2025-09-28 02:06:57
P0355,Vertex Laptops Product 355,Electronics,Laptops,Vertex,21.43,41.13,2026-05-19 12:47:02
P0356,Fusion Fitness Product 356,Sports,Fitness,Fusion,76.17,184.83,2025-04-09 11:07:44
P0357,Apex Kids Product 357,Fashion,Kids,Apex,303.14,542.09,2025-07-03 18:26:01
P0358,Elevate Equipment Product 358,Sports,Equipment,Elevate,121.01,294.25,2025-08-05 08:57:11
P0359,Orbit Kitchen Product 359,Home,Kitchen,Orbit,414.27,980.91,2025-08-11 02:50:43
P0360,Orbit Audio Product 360,Electronics,Audio,Orbit,88.34,118.69,2026-04-23 08:39:59
P0361,UrbanX Fragrance Product 361,Beauty,Fragrance,UrbanX,368.27,665.45,2025-10-28 05:34:46
P0362,Apex Men Product 362,Fashion,Men,Apex,245.64,412.44,2026-04-28 21:55:33
P0363,Nova Women Product 363,Fashion,Women,Nova,63.45,78.43,2025-07-31 01:41:22
P0364,UrbanX Furniture Product 364,Home,Furniture,UrbanX,267.17,438.57,2025-06-18 04:13:29
P0365,Nova Kids Product 365,Fashion,Kids,Nova,138.53,308.11,2025-01-31 12:41:15
P0366,Prime Decor Product 366,Home,Decor,Prime,277.38,547.21,2026-07-17 08:26:02
P0367,Vertex Fitness Product 367,Sports,Fitness,Vertex,211.97,357.09,2026-01-11 10:40:19
P0368,UrbanX Appliances Product 368,Home,Appliances,UrbanX,102.21,198.67,2026-04-26 01:08:07
P0369,Apex Equipment Product 369,Sports,Equipment,Apex,371.93,735.34,2025-02-05 09:30:42
P0370,Nova Men Product 370,Fashion,Men,Nova,78.66,155.31,2026-03-14 21:48:41
P0371,Prime Footwear Product 371,Sports,Footwear,Prime,45.86,99.06,2025-09-29 06:31:29
P0372,Fusion Phones Product 372,Electronics,Phones,Fusion,231.91,541.8,2025-12-05 00:13:20
P0373,UrbanX Women Product 373,Fashion,Women,UrbanX,474.92,1070.31,2025-10-08 12:42:17
P0374,Nova Equipment Product 374,Sports,Equipment,Nova,150.58,112.94,2026-01-01 02:05:37
P0375,Fusion Skincare Product 375,Beauty,Skincare,Fusion,163.51,274.77,2025-08-29 05:55:11
P0376,Apex Accessories Product 376,Fashion,Accessories,Apex,381.45,478.29,2026-05-19 16:21:07
P0377,Vertex Decor Product 377,Home,Decor,Vertex,342.38,476.26,2026-08-19 02:25:38
P0378,Vertex Outdoor Product 378,Sports,Outdoor,Vertex,69.72,160.0,2025-05-26 11:15:34
P0379,Orbit Fitness Product 379,Sports,Fitness,Orbit,168.52,389.69,2026-02-04 02:31:25
P0380,Vertex Equipment Product 380,Sports,Equipment,Vertex,84.14,126.11,2026-01-08 16:57:52
P0381,Fusion Haircare Product 381,Beauty,Haircare,Fusion,219.28,400.08,2026-07-28 06:15:42
P0382,UrbanX Fitness Product 382,Sports,Fitness,UrbanX,367.87,821.66,2026-04-29 16:13:25
P0383,Vertex Accessories Product 383,Electronics,Accessories,Vertex,426.69,729.54,2026-02-20 12:41:33
P0384,Orbit Laptops Product 384,Electronics,Laptops,Orbit,296.48,507.89,2025-09-02 01:01:03
P0385,Orbit Furniture Product 385,Home,Furniture,Orbit,499.39,583.41,2025-07-26 22:26:42
P0386,Orbit Accessories Product 386,,Accessories,Orbit,437.49,868.58,2026-07-28 01:15:57
P0387,Apex Appliances Product 387,Home,Appliances,Apex,136.11,281.88,2025-08-10 15:18:28
P0388,UrbanX Appliances Product 388,Home,Appliances,UrbanX,291.5,583.48,2026-02-22 23:45:32
P0389,Elevate Fragrance Product 389,Beauty,Fragrance,Elevate,133.71,243.79,2026-03-03 23:56:08
P0390,UrbanX Haircare Product 390,Beauty,Haircare,UrbanX,470.24,1004.81,2026-06-08 06:09:48
P0391,Orbit Fitness Product 391,Sports,Fitness,Orbit,91.06,217.39,2025-03-29 19:53:22
P0392,Fusion Skincare Product 392,Beauty,Skincare,Fusion,460.48,942.82,2025-01-27 18:51:32
P0393,Prime Laptops Product 393,Electronics,Laptops,Prime,14.61,20.9,2026-02-08 23:11:28
P0394,Prime Decor Product 394,Home,Decor,Prime,168.01,222.02,2026-05-11 11:38:16
P0395,Orbit Appliances Product 395,Home,Appliances,Orbit,120.12,159.84,2026-05-11 05:11:57
P0396,Elevate Kitchen Product 396,Home,Kitchen,Elevate,498.35,733.3,2025-11-24 01:49:06
P0397,Vertex Women Product 397,Fashion,Women,Vertex,285.52,678.18,2025-09-17 11:06:05
P0398,Apex Kids Product 398,Fashion,Kids,Apex,213.93,403.89,2025-06-27 09:53:37
P0399,UrbanX Fitness Product 399,Sports,Fitness,UrbanX,103.65,178.7,2025-01-05 23:21:52
P0400,Vertex Kids Product 400,Fashion,Kids,Vertex,322.5,547.68,2025-11-09 15:04:43
P0401,UrbanX Laptops Product 401,Electronics,Laptops,UrbanX,456.72,608.22,2025-01-04 14:09:12
P0402,Apex Skincare Product 402,Beauty,Skincare,Apex,270.98,667.71,2025-12-04 11:55:03
P0403,Fusion Women Product 403,Fashion,Women,Fusion,292.25,598.22,2026-06-05 10:57:50
P0404,Orbit Audio Product 404,Electronics,Audio,Orbit,441.71,1026.82,2026-01-05 11:39:39
P0405,Fusion Skincare Product 405,Beauty,Skincare,Fusion,499.1,851.87,2026-03-30 12:03:47
P0406,UrbanX Furniture Product 406,Home,Furniture,UrbanX,192.23,476.28,2026-08-09 22:36:50
P0407,Prime Fitness Product 407,Sports,Fitness,Prime,121.08,248.21,2025-10-03 06:56:43
P0408,Prime Outdoor Product 408,Sports,Outdoor,Prime,305.51,702.55,2025-06-09 13:12:07
P0409,Orbit Accessories Product 409,Fashion,Accessories,Orbit,383.16,806.96,2025-10-07 04:11:09
P0410,Prime Phones Product 410,Electronics,Phones,Prime,69.94,141.4,2026-08-28 15:12:32
P0411,UrbanX Laptops Product 411,Electronics,Laptops,UrbanX,132.4,188.72,2026-04-10 10:06:02
P0412,UrbanX Decor Product 412,Home,Decor,UrbanX,365.73,582.01,2026-06-03 23:13:15
P0413,Apex Appliances Product 413,Home,Appliances,Apex,17.08,12.81,2025-11-27 02:13:20
P0414,Prime Women Product 414,Fashion,Women,Prime,498.13,616.86,2026-03-27 02:38:43
P0415,UrbanX Audio Product 415,Electronics,Audio,UrbanX,465.23,657.86,2025-12-23 08:28:40
P0416,Prime Accessories Product 416,Electronics,Accessories,Prime,433.35,621.9,2026-06-03 05:20:19
P0417,Fusion Audio Product 417,Electronics,Audio,Fusion,274.53,672.95,2025-05-31 01:25:59
P0418,Prime Haircare Product 418,Beauty,Haircare,Prime,173.79,329.15,2025-02-12 05:59:32
P0419,Orbit Footwear Product 419,Sports,Footwear,Orbit,63.66,121.05,2026-08-10 21:06:48
P0420,Fusion Skincare Product 420,Beauty,Skincare,Fusion,373.06,614.93,2025-10-28 19:38:12
P0421,Elevate Accessories Product 421,Electronics,Accessories,Elevate,128.16,219.74,2025-04-13 06:13:58
P0422,Apex Makeup Product 422,Beauty,Makeup,Apex,394.41,674.15,2025-10-25 12:05:27
P0423,Nova Audio Product 423,Electronics,Audio,Nova,162.77,240.14,2026-04-09 21:01:30
P0424,Orbit Appliances Product 424,Home,Appliances,Orbit,43.72,79.68,2025-09-23 15:00:26
P0425,UrbanX Fragrance Product 425,Beauty,Fragrance,UrbanX,403.27,558.53,2026-04-10 16:52:49
P0426,Nova Fragrance Product 426,Beauty,Fragrance,Nova,333.21,557.67,2026-04-07 04:38:27
P0427,Nova Women Product 427,Fashion,Women,Nova,140.06,265.94,2025-06-23 19:12:04
P0428,Fusion Skincare Product 428,Beauty,Skincare,Fusion,444.99,843.32,2026-04-09 10:47:44
P0429,Prime Makeup Product 429,Beauty,Makeup,Prime,248.24,372.1,2025-04-30 19:52:09
P0430,UrbanX Footwear Product 430,Sports,Footwear,UrbanX,439.13,773.58,2025-12-09 10:51:00
P0431,Apex Equipment Product 431,Sports,Equipment,Apex,220.06,340.7,2025-08-28 17:54:46
P0432,UrbanX Fitness Product 432,Sports,Fitness,UrbanX,303.49,539.96,2026-01-23 15:21:18
P0433,Fusion Equipment Product 433,Sports,Equipment,Fusion,410.17,821.79,2026-08-19 09:05:16
P0434,Nova Decor Product 434,Home,Decor,Nova,310.17,520.97,2026-02-23 21:46:03
P0435,Elevate Decor Product 435,Home,Decor,Elevate,84.43,183.23,2025-07-10 06:07:13
P0436,Orbit Appliances Product 436,Home,Appliances,Orbit,258.31,608.82,2025-11-13 06:59:22
P0437,Apex Fragrance Product 437,Beauty,Fragrance,Apex,436.37,774.72,2026-04-23 13:15:32
P0438,Vertex Equipment Product 438,Sports,Equipment,Vertex,75.17,158.76,2025-10-04 07:31:44
P0439,Fusion Women Product 439,Fashion,Women,Fusion,205.6,375.94,2025-04-10 02:29:51
P0440,Elevate Audio Product 440,Electronics,Audio,Elevate,431.3,1057.99,2025-12-17 19:48:21
P0441,Prime Outdoor Product 441,Sports,Outdoor,Prime,463.0,1036.73,2026-03-12 21:36:33
P0442,Vertex Fragrance Product 442,Beauty,Fragrance,Vertex,305.42,573.11,2025-08-30 01:38:36
P0443,Elevate Women Product 443,Fashion,Women,Elevate,166.01,331.63,2025-05-05 14:37:13
P0444,UrbanX Fragrance Product 444,Beauty,Fragrance,UrbanX,47.15,111.32,2025-05-02 08:10:58
P0445,Prime Accessories Product 445,Electronics,Accessories,Prime,158.46,369.02,2025-02-03 18:25:29
P0446,Prime Women Product 446,Fashion,Women,Prime,455.34,861.88,2026-01-05 15:16:02
P0447,Elevate Fitness Product 447,Sports,Fitness,Elevate,83.65,171.83,2026-05-12 20:44:29
P0448,Elevate Phones Product 448,Electronics,Phones,Elevate,129.49,229.66,2026-01-25 07:03:28
P0449,Elevate Accessories Product 449,Fashion,Accessories,Elevate,43.07,87.02,2026-08-20 00:25:45
P0450,Prime Fitness Product 450,Sports,Fitness,Prime,16.44,22.67,2025-08-22 08:51:26
P0451,Nova Accessories Product 451,Electronics,Accessories,Nova,139.61,294.77,2025-03-06 15:03:32
P0452,Vertex Furniture Product 452,Home,Furniture,Vertex,31.06,41.74,2025-11-22 02:48:44
P0453,Nova Kitchen Product 453,Home,Kitchen,Nova,93.77,194.96,2025-02-15 02:50:47
P0454,Orbit Accessories Product 454,Electronics,Accessories,Orbit,132.07,272.13,2026-04-02 05:39:36
P0455,Elevate Accessories Product 455,Electronics,Accessories,Elevate,164.39,242.45,2026-06-01 06:44:39
P0456,Orbit Accessories Product 456,Electronics,Accessories,Orbit,175.74,368.71,2025-10-27 10:24:59
P0457,Prime Fragrance Product 457,Beauty,Fragrance,Prime,72.52,120.81,2025-07-20 06:52:15
P0458,Fusion Fragrance Product 458,Beauty,Fragrance,Fusion,174.61,335.34,2025-02-13 06:45:18
P0459,Nova Haircare Product 459,Beauty,Haircare,Nova,281.78,436.11,2025-08-02 01:07:27
P0460,Prime Audio Product 460,Electronics,Audio,Prime,332.43,714.09,2026-08-19 01:12:23
P0461,Prime Haircare Product 461,Beauty,Haircare,Prime,463.99,607.98,2026-05-12 21:30:47
P0462,Prime Furniture Product 462,Home,Furniture,Prime,360.56,731.72,2025-02-13 22:53:58
P0463,Vertex Men Product 463,Fashion,Men,Vertex,416.82,535.54,2026-06-29 05:05:51
P0464,Fusion Men Product 464,Fashion,Men,Fusion,334.25,641.13,2025-08-14 02:33:59
P0465,Apex Accessories Product 465,Fashion,Accessories,Apex,339.2,692.96,2025-01-28 17:51:59
P0466,UrbanX Phones Product 466,Electronics,Phones,UrbanX,459.61,874.22,2026-02-13 18:43:30
P0467,Elevate Phones Product 467,Electronics,Phones,Elevate,227.62,533.02,2025-09-03 11:27:19
P0468,Apex Fitness Product 468,Sports,Fitness,Apex,304.83,631.05,2025-12-24 09:58:49
P0469,Fusion Women Product 469,Fashion,Women,Fusion,128.26,317.14,2026-02-06 05:19:51
P0470,UrbanX Phones Product 470,Electronics,Phones,UrbanX,253.59,381.47,2026-09-30 04:03:14
P0471,Elevate Audio Product 471,Electronics,Audio,Elevate,313.4,470.98,2025-01-11 19:02:38
P0472,Elevate Phones Product 472,Electronics,Phones,Elevate,384.72,514.33,2026-01-21 19:15:39
P0473,Apex Outdoor Product 473,Sports,Outdoor,Apex,17.16,39.43,2026-05-08 07:14:13
P0474,Orbit Haircare Product 474,Beauty,Haircare,Orbit,195.08,484.11,2025-08-10 09:34:42
P0475,Prime Phones Product 475,Electronics,Phones,Prime,290.36,487.26,2026-09-23 18:45:10
P0476,Elevate Decor Product 476,Home,Decor,Elevate,363.65,781.03,2025-01-28 02:00:43
P0477,Prime Accessories Product 477,Electronics,Accessories,Prime,154.85,242.5,2025-11-14 15:38:09
P0478,Prime Audio Product 478,Electronics,Audio,Prime,33.19,42.87,2026-07-17 14:00:12
P0479,Apex Furniture Product 479,Home,Furniture,Apex,362.67,638.4,2025-12-03 19:39:03
P0480,Prime Decor Product 480,Home,Decor,Prime,375.37,749.47,2026-06-27 07:36:04
P0481,Vertex Phones Product 481,Electronics,Phones,Vertex,8.09,12.3,2025-02-23 07:40:31
P0482,Nova Kitchen Product 482,Home,Kitchen,Nova,493.7,1173.67,2026-09-04 14:11:38
P0483,Elevate Equipment Product 483,Sports,Equipment,Elevate,496.81,1164.64,2025-04-28 04:27:13
P0484,Nova Men Product 484,Fashion,Men,Nova,249.47,491.4,2025-08-05 06:44:01
P0485,Elevate Furniture Product 485,Home,Furniture,Elevate,56.22,94.03,2026-03-24 17:39:39
P0486,Vertex Kitchen Product 486,,Kitchen,Vertex,247.11,423.59,2025-04-12 06:13:19
P0487,Vertex Footwear Product 487,Sports,Footwear,Vertex,321.3,780.24,2026-02-12 11:25:10
P0488,Elevate Phones Product 488,Electronics,Phones,Elevate,423.26,505.54,2026-08-04 09:55:19
P0489,Orbit Accessories Product 489,Electronics,Accessories,Orbit,185.42,265.31,2026-03-26 13:54:12
P0490,Elevate Women Product 490,Fashion,Women,Elevate,480.85,1160.05,2026-06-05 11:34:27
P0491,Fusion Equipment Product 491,Sports,Equipment,Fusion,211.76,345.9,2025-11-28 21:31:31
P0492,Apex Accessories Product 492,Electronics,Accessories,Apex,282.56,653.6,2025-02-23 12:29:38
P0493,Prime Makeup Product 493,Beauty,Makeup,Prime,432.83,536.68,2026-01-19 18:41:00
P0494,Elevate Outdoor Product 494,Sports,Outdoor,Elevate,209.35,369.73,2025-11-14 05:27:16
P0495,Elevate Accessories Product 495,Fashion,Accessories,Elevate,27.96,59.69,2025-02-18 09:44:25
P0496,Fusion Men Product 496,Fashion,Men,Fusion,114.08,239.63,2025-07-07 16:23:02
P0497,Fusion Fitness Product 497,Sports,Fitness,Fusion,75.4,134.01,2025-01-01 20:40:10
P0498,Vertex Phones Product 498,Electronics,Phones,Vertex,170.64,221.55,2025-08-18 17:00:11
P0499,Prime Fragrance Product 499,Beauty,Fragrance,Prime,351.47,585.56,2025-05-18 15:24:15
P0500,Prime Fitness Product 500,Sports,Fitness,Prime,258.19,388.78,2026-04-28 20:05:20
P0001,Apex Furniture Product 1,Home,Furniture,Apex,93.51,162.54,2026-05-23 17:49:15
P0002,Prime Decor Product 2,Home,Decor,Prime,272.63,548.05,2025-05-11 08:23:08
P0003,Fusion Fitness Product 3,Sports,Fitness,Fusion,436.96,893.82,2026-01-09 07:19:06
P0004,Elevate Accessories Product 4,Fashion,Accessories,Elevate,159.14,205.92,2025-09-26 03:06:41
P0005,Nova Skincare Product 5,Beauty,Skincare,Nova,328.79,508.12,2026-04-19 07:36:41
